Top pages,Clicks,Impressions,CTR,Position
https://protradecalculators.com/,3,14,21.43%,43.43
https://protradecalculators.com/electrical/residential-load-calculator,1,228,0.44%,38.39
https://protradecalculators.com/electrical/voltage-drop-calculator,1,227,0.44%,37.56
https://protradecalculators.com/plumbing/dfu-calculator,1,166,0.6%,12.31
https://protradecalculators.com/construction/concrete-calculator,1,13,7.69%,24.46
https://protradecalculators.com/construction/deck-calculator,0,295,0%,23.82
https://protradecalculators.com/electrical/conduit-fill-calculator,0,245,0%,56.54
https://protradecalculators.com/electrical/box-fill-calculator,0,241,0%,42.87
https://protradecalculators.com/construction/roof-pitch-calculator,0,153,0%,57.96
https://protradecalculators.com/plumbing/wsfu-calculator,0,108,0%,27.37
https://protradecalculators.com/hvac/btu-calculator,0,90,0%,51.66
https://protradecalculators.com/construction/stair-calculator,0,69,0%,13.74
https://protradecalculators.com/tools,0,27,0%,71.15
Filter,Value
Search type,Web
Date,Last 3 months
